Sample_Name,Row_Index,Time,Raw_Fluorescence
"D03",1,0.01,996.5138
"D03",2,0.02,997.0153
"D03",3,0.03,996.3724
"D03",4,0.04,1003.7875
"D03",5,0.05,989.2157
"D03",6,0.06,997.1672
"D03",7,0.07,1010.4208
"D03",8,0.08,990.8812
"D03",9,0.09,998.216
"D03",10,0.1,1005.4408
"D03",11,0.11,996.6749
"D03",12,0.12,1000.6488
"D03",13,0.13,999.7434
"D03",14,0.14,1003.5816
"D03",15,0.15,997.0699
"D03",16,0.16,1009.8031
"D03",17,0.17,992.1413
"D03",18,0.18,989.9636
"D03",19,0.19,1002.2802
"D03",20,0.2,998.3049
"D03",21,0.21,999.6464
"D03",22,0.22,998.3528
"D03",23,0.23,993.7375
"D03",24,0.24,1004.1204
"D03",25,0.25,998.2919
"D03",26,0.26,990.4858
"D03",27,0.27,997.2461
"D03",28,0.28,1005.9182
"D03",29,0.29,991.9714
"D03",30,0.3,1000.1935
"D03",31,0.31,1009.699
"D03",32,0.32,999.7238
"D03",33,0.33,997.2049
"D03",34,0.34,993.8167
"D03",35,0.35,994.5061
"D03",36,0.36,992.3572
"D03",37,0.37,1004.7479
"D03",38,0.38,1004.3601
"D03",39,0.39,998.675
"D03",40,0.4,993.7674
"D03",41,0.41,995.2653
"D03",42,0.42,986.7412
"D03",43,0.43,997.3392
"D03",44,0.44,1004.7471
"D03",45,0.45,1002.9673
"D03",46,0.46,999.6295
"D03",47,0.47,1005.1427
"D03",48,0.48,1005.0706
"D03",49,0.49,1003.7217
"D03",50,0.5,1005.759
"D03",51,0.51,1000.0795
"D03",52,0.52,998.5599
"D03",53,0.53,1000.8298
"D03",54,0.54,1006.3173
"D03",55,0.55,994.4565
"D03",56,0.56,1002.4382
"D03",57,0.57,1007.0304
"D03",58,0.58,1001.1973
"D03",59,0.59,987.641
"D03",60,0.6,1000.3778
"D03",61,0.61,1007.6774
"D03",62,0.62,1000.2639
"D03",63,0.63,1000.9746
"D03",64,0.64,1004.6678
"D03",65,0.65,1002.4471
"D03",66,0.66,1002.8864
"D03",67,0.67,1006.3682
"D03",68,0.68,997.4148
"D03",69,0.69,993.4363
"D03",70,0.7,991.3677
"D03",71,0.71,989.1022
"D03",72,0.72,998.2579
"D03",73,0.73,998.2947
"D03",74,0.74,989.2951
"D03",75,0.75,1002.5314
"D03",76,0.76,996.4558
"D03",77,0.77,998.7306
"D03",78,0.78,992.7177
"D03",79,0.79,1001.9631
"D03",80,0.8,999.6998
"D03",81,0.81,999.309
"D03",82,0.82,1007.2797
"D03",83,0.83,990.6631
"D03",84,0.84,1000.5608
"D03",85,0.85,999.1513
"D03",86,0.86,989.3873
"D03",87,0.87,1008.3682
"D03",88,0.88,1006.9716
"D03",89,0.89,1001.9063
"D03",90,0.9,995.926
"D03",91,0.91,995.3238
"D03",92,0.92,1001.6486
"D03",93,0.93,997.0189
"D03",94,0.94,998.3427
"D03",95,0.95,1008.6794
"D03",96,0.96,1001.35
"D03",97,0.97,998.2297
"D03",98,0.98,1000.6238
"D03",99,0.99,1011.0049
"D03",100,1,992.3981
"D03",101,1.01,1002.7645
"D03",102,1.02,997.272
"D03",103,1.03,990.2077
"D03",104,1.04,1006.6427
"D03",105,1.05,992.8484
"D03",106,1.06,985.3666
"D03",107,1.07,995.4787
"D03",108,1.08,1008.3645
"D03",109,1.09,1007.3091
"D03",110,1.1,1004.1055
"D03",111,1.11,1001.5125
"D03",112,1.12,988.5448
"D03",113,1.13,1006.2572
"D03",114,1.14,1008.0687
"D03",115,1.15,994.8483
"D03",116,1.16,999.3645
"D03",117,1.17,996.0902
"D03",118,1.18,999.208
"D03",119,1.19,998.844
"D03",120,1.2,1001.0719
"D03",121,1.21,998.7573
"D03",122,1.22,990.0109
"D03",123,1.23,1007.1978
"D03",124,1.24,995.5472
"D03",125,1.25,997.3825
"D03",126,1.26,992.1221
"D03",127,1.27,996.2053
"D03",128,1.28,1010.4416
"D03",129,1.29,1002.1408
"D03",130,1.3,996.724
"D03",131,1.31,1001.0445
"D03",132,1.32,1005.7509
"D03",133,1.33,1004.3225
"D03",134,1.34,1003.0277
"D03",135,1.35,994.3487
"D03",136,1.36,987.8736
"D03",137,1.37,990.7878
"D03",138,1.38,997.9407
"D03",139,1.39,1002.2122
"D03",140,1.4,996.4075
"D03",141,1.41,999.2597
"D03",142,1.42,994.0546
"D03",143,1.43,1012.0633
"D03",144,1.44,1000.1875
"D03",145,1.45,1000.9457
"D03",146,1.46,996.5227
"D03",147,1.47,992.0955
"D03",148,1.48,997.5188
"D03",149,1.49,1008.6433
"D03",150,1.5,1008.2939
"D03",151,1.51,1002.0409
"D03",152,1.52,1000.2641
"D03",153,1.53,1005.1272
"D03",154,1.54,996.7979
"D03",155,1.55,1003.3582
"D03",156,1.56,1008.1413
"D03",157,1.57,999.8464
"D03",158,1.58,998.0277
"D03",159,1.59,1001.406
"D03",160,1.6,1000.9078
"D03",161,1.61,999.6082
"D03",162,1.62,1004.3138
"D03",163,1.63,995.875
"D03",164,1.64,1012.4348
"D03",165,1.65,989.4971
"D03",166,1.66,1002.3738
"D03",167,1.67,996.7163
"D03",168,1.68,994.3679
"D03",169,1.69,1004.3639
"D03",170,1.7,1002.3872
"D03",171,1.71,1003.7402
"D03",172,1.72,1004.589
"D03",173,1.73,1001.9579
"D03",174,1.74,1000.7902
"D03",175,1.75,993.1613
"D03",176,1.76,1001.7435
"D03",177,1.77,995.1677
"D03",178,1.78,1000.0146
"D03",179,1.79,997.224
"D03",180,1.8,994.4966
"D03",181,1.81,1003.2689
"D03",182,1.82,1010.9014
"D03",183,1.83,1002.915
"D03",184,1.84,994.776
"D03",185,1.85,1011.5886
"D03",186,1.86,998.4576
"D03",187,1.87,994.981
"D03",188,1.88,1007.8233
"D03",189,1.89,1001.9825
"D03",190,1.9,1000.3295
"D03",191,1.91,1007.6983
"D03",192,1.92,995.866
"D03",193,1.93,1000.6649
"D03",194,1.94,1000.4422
"D03",195,1.95,994.7188
"D03",196,1.96,990.3534
"D03",197,1.97,989.7489
"D03",198,1.98,998.4262
"D03",199,1.99,1010.4661
"D03",200,2,998.5875
"D03",201,2.01,989.8012
"D03",202,2.02,997.9408
"D03",203,2.03,990.3047
"D03",204,2.04,996.9908
"D03",205,2.05,1005.2545
"D03",206,2.06,998.7208
"D03",207,2.07,998.4804
"D03",208,2.08,1001.915
"D03",209,2.09,1004.561
"D03",210,2.1,1004.6114
"D03",211,2.11,1003.679
"D03",212,2.12,999.7834
"D03",213,2.13,993.1564
"D03",214,2.14,991.8844
"D03",215,2.15,999.2111
"D03",216,2.16,1009.1771
"D03",217,2.17,1001.2338
"D03",218,2.18,999.6192
"D03",219,2.19,987.528
"D03",220,2.2,1008.4746
"D03",221,2.21,995.7723
"D03",222,2.22,1003.5885
"D03",223,2.23,993.3959
"D03",224,2.24,1000.2974
"D03",225,2.25,1001.6057
"D03",226,2.26,1003.018
"D03",227,2.27,998.8994
"D03",228,2.28,1002.5139
"D03",229,2.29,1004.9781
"D03",230,2.3,998.3778
"D03",231,2.31,999.5904
"D03",232,2.32,1009.2525
"D03",233,2.33,998.8673
"D03",234,2.34,995.4383
"D03",235,2.35,1003.4652
"D03",236,2.36,996.2922
"D03",237,2.37,1000.5086
"D03",238,2.38,1009.3111
"D03",239,2.39,995.2161
"D03",240,2.4,996.1884
"D03",241,2.41,1004.3718
"D03",242,2.42,990.7063
"D03",243,2.43,995.9634
"D03",244,2.44,993.2383
"D03",245,2.45,1000.8163
"D03",246,2.46,1009.279
"D03",247,2.47,990.8015
"D03",248,2.48,996.8065
"D03",249,2.49,1009.5021
"D03",250,2.5,1001.3713
"D03",251,2.51,996.4898
"D03",252,2.52,995.3965
"D03",253,2.53,1002.2749
"D03",254,2.54,998.1314
"D03",255,2.55,996.3317
"D03",256,2.56,1002.1971
"D03",257,2.57,1002.2019
"D03",258,2.58,1001.3714
"D03",259,2.59,1008.7416
"D03",260,2.6,1004.1984
"D03",261,2.61,997.6439
"D03",262,2.62,1002.1799
"D03",263,2.63,995.2399
"D03",264,2.64,1007.6583
"D03",265,2.65,986.8147
"D03",266,2.66,996.3197
"D03",267,2.67,1002.0604
"D03",268,2.68,1009.1462
"D03",269,2.69,996.5985
"D03",270,2.7,998.5599
"D03",271,2.71,996.481
"D03",272,2.72,1010.0748
"D03",273,2.73,997.3535
"D03",274,2.74,992.9496
"D03",275,2.75,1006.4786
"D03",276,2.76,1000.7567
"D03",277,2.77,1001.3153
"D03",278,2.78,998.6899
"D03",279,2.79,1005.0608
"D03",280,2.8,1010.9853
"D03",281,2.81,1009.1099
"D03",282,2.82,1007.6956
"D03",283,2.83,999.7824
"D03",284,2.84,1007.3352
"D03",285,2.85,1005.6937
"D03",286,2.86,996.6533
"D03",287,2.87,1004.4893
"D03",288,2.88,999.5854
"D03",289,2.89,1006.8081
"D03",290,2.9,990.8842
"D03",291,2.91,994.6635
"D03",292,2.92,997.6855
"D03",293,2.93,995.597
"D03",294,2.94,1008.4545
"D03",295,2.95,992.7246
"D03",296,2.96,1007.7185
"D03",297,2.97,1006.2943
"D03",298,2.98,989.8261
"D03",299,2.99,995.0958
"D03",300,3,991.3871
"D03",301,3.01,981.5164
"D03",302,3.02,1003.3399
"D03",303,3.03,1015.2656
"D03",304,3.04,997.0947
"D03",305,3.05,999.4218
"D03",306,3.06,984.5621
"D03",307,3.07,1010.4695
"D03",308,3.08,1007.7611
"D03",309,3.09,1016.9281
"D03",310,3.1,993.721
"D03",311,3.11,997.1474
"D03",312,3.12,999.8416
"D03",313,3.13,997.4103
"D03",314,3.14,998.8159
"D03",315,3.15,1005.1807
"D03",316,3.16,1001.831
"D03",317,3.17,997.1902
"D03",318,3.18,1002.275
"D03",319,3.19,993.7041
"D03",320,3.2,1005.85
"D03",321,3.21,989.156
"D03",322,3.22,1003.6671
"D03",323,3.23,1006.4539
"D03",324,3.24,988.5216
"D03",325,3.25,998.679
"D03",326,3.26,991.1928
"D03",327,3.27,998.1238
"D03",328,3.28,1004.0961
"D03",329,3.29,1009.8666
"D03",330,3.3,1002.2821
"D03",331,3.31,998.7425
"D03",332,3.32,998.2112
"D03",333,3.33,1005.4444
"D03",334,3.34,993.6492
"D03",335,3.35,1001.7707
"D03",336,3.36,1001.0268
"D03",337,3.37,1001.24
"D03",338,3.38,1001.7228
"D03",339,3.39,1003.9155
"D03",340,3.4,1004.1805
"D03",341,3.41,996.8657
"D03",342,3.42,999.6602
"D03",343,3.43,997.7095
"D03",344,3.44,996.7234
"D03",345,3.45,1001.89
"D03",346,3.46,1006.6463
"D03",347,3.47,1004.3376
"D03",348,3.48,1005.3045
"D03",349,3.49,999.4994
"D03",350,3.5,1010.5993
"D03",351,3.51,1014.554
"D03",352,3.52,1003.3766
"D03",353,3.53,1009.1393
"D03",354,3.54,996.672
"D03",355,3.55,1003.8201
"D03",356,3.56,1007.0158
"D03",357,3.57,1004.974
"D03",358,3.58,1001.513
"D03",359,3.59,996.5823
"D03",360,3.6,994.8901
"D03",361,3.61,1017.7018
"D03",362,3.62,1003.9245
"D03",363,3.63,998.3569
"D03",364,3.64,1011.7947
"D03",365,3.65,1007.4118
"D03",366,3.66,1002.2426
"D03",367,3.67,999.401
"D03",368,3.68,996.4755
"D03",369,3.69,996.3187
"D03",370,3.7,994.8247
"D03",371,3.71,1007.8345
"D03",372,3.72,996.0292
"D03",373,3.73,998.62
"D03",374,3.74,995.185
"D03",375,3.75,1000.3684
"D03",376,3.76,993.7472
"D03",377,3.77,989.9728
"D03",378,3.78,1002.2948
"D03",379,3.79,999.2881
"D03",380,3.8,996.1672
"D03",381,3.81,997.0332
"D03",382,3.82,1010.5216
"D03",383,3.83,1005.3391
"D03",384,3.84,999.3299
"D03",385,3.85,1000.6363
"D03",386,3.86,996.3969
"D03",387,3.87,1005.0714
"D03",388,3.88,1005.2778
"D03",389,3.89,999.9155
"D03",390,3.9,1001.2756
"D03",391,3.91,990.9507
"D03",392,3.92,1006.8241
"D03",393,3.93,998.7793
"D03",394,3.94,999.3972
"D03",395,3.95,1005.9802
"D03",396,3.96,996.9136
"D03",397,3.97,1000.1239
"D03",398,3.98,998.9251
"D03",399,3.99,997.2905
"D03",400,4,1000.202
"D03",401,4.01,1010.6505
"D03",402,4.02,1003.5529
"D03",403,4.03,995.0836
"D03",404,4.04,997.792
"D03",405,4.05,1007.0549
"D03",406,4.06,997.526
"D03",407,4.07,999.9308
"D03",408,4.08,1005.4655
"D03",409,4.09,992.174
"D03",410,4.1,1001.4404
"D03",411,4.11,1001.3729
"D03",412,4.12,982.449
"D03",413,4.13,1004.3491
"D03",414,4.14,1005.9301
"D03",415,4.15,997.6934
"D03",416,4.16,1001.6724
"D03",417,4.17,1007.1359
"D03",418,4.18,990.973
"D03",419,4.19,992.2681
"D03",420,4.2,995.8337
"D03",421,4.21,994.345
"D03",422,4.22,992.9733
"D03",423,4.23,1011.7165
"D03",424,4.24,1002.1736
"D03",425,4.25,998.8135
"D03",426,4.26,1014.6419
"D03",427,4.27,995.2482
"D03",428,4.28,1008.8345
"D03",429,4.29,999.3651
"D03",430,4.3,1004.0547
"D03",431,4.31,993.0182
"D03",432,4.32,990.8484
"D03",433,4.33,990.1523
"D03",434,4.34,995.7687
"D03",435,4.35,998.2833
"D03",436,4.36,997.3169
"D03",437,4.37,999.6704
"D03",438,4.38,1005.1203
"D03",439,4.39,1010.0934
"D03",440,4.4,999.2819
"D03",441,4.41,993.8682
"D03",442,4.42,1010.3807
"D03",443,4.43,1000.1546
"D03",444,4.44,1004.6753
"D03",445,4.45,999.1678
"D03",446,4.46,1002.7427
"D03",447,4.47,991.5676
"D03",448,4.48,997.8857
"D03",449,4.49,1010.9851
"D03",450,4.5,1003.2077
"D03",451,4.51,1004.8341
"D03",452,4.52,1010.9416
"D03",453,4.53,1004.824
"D03",454,4.54,1005.6636
"D03",455,4.55,996.0242
"D03",456,4.56,1009.975
"D03",457,4.57,1003.6599
"D03",458,4.58,990.1746
"D03",459,4.59,993.949
"D03",460,4.6,1001.0206
"D03",461,4.61,1004.056
"D03",462,4.62,1012.9298
"D03",463,4.63,999.9139
"D03",464,4.64,996.9246
"D03",465,4.65,998.5592
"D03",466,4.66,1006.4698
"D03",467,4.67,997.6221
"D03",468,4.68,990.9389
"D03",469,4.69,999.9236
"D03",470,4.7,1013.59
"D03",471,4.71,1001.7269
"D03",472,4.72,1012.1642
"D03",473,4.73,996.0299
"D03",474,4.74,996.4296
"D03",475,4.75,1002.5101
"D03",476,4.76,989.2565
"D03",477,4.77,1006.9589
"D03",478,4.78,1007.9056
"D03",479,4.79,1000.4451
"D03",480,4.8,1004.2216
"D03",481,4.81,1000.1952
"D03",482,4.82,994.5888
"D03",483,4.83,1000.9458
"D03",484,4.84,1000.029
"D03",485,4.85,993.6212
"D03",486,4.86,997.3576
"D03",487,4.87,1003.3701
"D03",488,4.88,998.7447
"D03",489,4.89,996.2751
"D03",490,4.9,1002.4218
"D03",491,4.91,994.599
"D03",492,4.92,997.0496
"D03",493,4.93,1011.0308
"D03",494,4.94,1002.9326
"D03",495,4.95,1006.0364
"D03",496,4.96,997.252
"D03",497,4.97,991.8781
"D03",498,4.98,1002.1197
"D03",499,4.99,1006.7544
"D03",500,5,1009.2916
"D03",501,5.01,1003.2104
"D03",502,5.02,1001.7727
"D03",503,5.03,994.6622
"D03",504,5.04,1007.8336
"D03",505,5.05,1006.1396
"D03",506,5.06,1005.1481
"D03",507,5.07,1005.6716
"D03",508,5.08,1001.6858
"D03",509,5.09,1003.7897
"D03",510,5.1,1001.9126
"D03",511,5.11,1001.1299
"D03",512,5.12,998.0486
"D03",513,5.13,1011.863
"D03",514,5.14,1000.1054
"D03",515,5.15,999.1095
"D03",516,5.16,997.9382
"D03",517,5.17,1008.3633
"D03",518,5.18,997.7773
"D03",519,5.19,997.7126
"D03",520,5.2,1000.0391
"D03",521,5.21,1004.5807
"D03",522,5.22,998.271
"D03",523,5.23,995.1468
"D03",524,5.24,1001.1002
"D03",525,5.25,1000.8103
"D03",526,5.26,1016.9939
"D03",527,5.27,999.2431
"D03",528,5.28,1002.3142
"D03",529,5.29,1002.711
"D03",530,5.3,981.864
"D03",531,5.31,1007.9562
"D03",532,5.32,1000.9391
"D03",533,5.33,993.3037
"D03",534,5.34,996.102
"D03",535,5.35,1006.3373
"D03",536,5.36,1003.5946
"D03",537,5.37,997.1956
"D03",538,5.38,999.5488
"D03",539,5.39,1001.9627
"D03",540,5.4,1005.2334
"D03",541,5.41,1004.3022
"D03",542,5.42,1004.7177
"D03",543,5.43,988.1257
"D03",544,5.44,993.6164
"D03",545,5.45,1007.5138
"D03",546,5.46,996.5484
"D03",547,5.47,988.2012
"D03",548,5.48,998.5063
"D03",549,5.49,994.9164
"D03",550,5.5,1002.607
"D03",551,5.51,1004.5279
"D03",552,5.52,994.2994
"D03",553,5.53,981.6897
"D03",554,5.54,1002.8289
"D03",555,5.55,993.0704
"D03",556,5.56,999.0932
"D03",557,5.57,999.3268
"D03",558,5.58,994.5728
"D03",559,5.59,989.5214
"D03",560,5.6,1000.1269
"D03",561,5.61,995.6692
"D03",562,5.62,992.0158
"D03",563,5.63,994.0922
"D03",564,5.64,1005.8612
"D03",565,5.65,1009.6596
"D03",566,5.66,997.384
"D03",567,5.67,994.2157
"D03",568,5.68,1001.4725
"D03",569,5.69,991.3171
"D03",570,5.7,998.3198
"D03",571,5.71,987.8833
"D03",572,5.72,992.9787
"D03",573,5.73,1003.1794
"D03",574,5.74,1013.6259
"D03",575,5.75,995.4766
"D03",576,5.76,1003.0283
"D03",577,5.77,1007.0499
"D03",578,5.78,993.6512
"D03",579,5.79,998.5673
"D03",580,5.8,1000.7483
"D03",581,5.81,1003.5192
"D03",582,5.82,1006.6785
"D03",583,5.83,994.7381
"D03",584,5.84,994.8297
"D03",585,5.85,992.9287
"D03",586,5.86,996.2508
"D03",587,5.87,1009.3599
"D03",588,5.88,992.7043
"D03",589,5.89,996.4483
"D03",590,5.9,1001.2992
"D03",591,5.91,1005.2117
"D03",592,5.92,1005.2769
"D03",593,5.93,1002.4996
"D03",594,5.94,1002.5095
"D03",595,5.95,994.2233
"D03",596,5.96,1009.0346
"D03",597,5.97,997.4877
"D03",598,5.98,998.5042
"D03",599,5.99,1002.2397
"D03",600,6,996.8123
"D03",601,6.01,1008.0226
"D03",602,6.02,1003.1393
"D03",603,6.03,998.7502
"D03",604,6.04,1003.8444
"D03",605,6.05,1007.5361
"D03",606,6.06,991.6552
"D03",607,6.07,997.3898
"D03",608,6.08,994.1915
"D03",609,6.09,1004.0272
"D03",610,6.1,1002.9998
"D03",611,6.11,989.7947
"D03",612,6.12,1007.3007
"D03",613,6.13,1000.6386
"D03",614,6.14,1003.6515
"D03",615,6.15,1001.6388
"D03",616,6.16,992.4061
"D03",617,6.17,994.3365
"D03",618,6.18,1000.1649
"D03",619,6.19,1000.7132
"D03",620,6.2,998.8093
"D03",621,6.21,1004.2926
"D03",622,6.22,994.4972
"D03",623,6.23,996.4519
"D03",624,6.24,995.0347
"D03",625,6.25,989.7099
"D03",626,6.26,998.2776
"D03",627,6.27,998.7193
"D03",628,6.28,1002.7791
"D03",629,6.29,1007.8903
"D03",630,6.3,996.3903
"D03",631,6.31,1001.4649
"D03",632,6.32,999.7003
"D03",633,6.33,1007.056
"D03",634,6.34,999.6749
"D03",635,6.35,993.8956
"D03",636,6.36,1002.849
"D03",637,6.37,1000.4215
"D03",638,6.38,997.8676
"D03",639,6.39,1006.599
"D03",640,6.4,1000.1015
"D03",641,6.41,998.9846
"D03",642,6.42,992.7037
"D03",643,6.43,1002.3866
"D03",644,6.44,1012.3378
"D03",645,6.45,1001.6064
"D03",646,6.46,994.429
"D03",647,6.47,1007.5011
"D03",648,6.48,999.0776
"D03",649,6.49,999.8073
"D03",650,6.5,1013.0491
"D03",651,6.51,996.6402
"D03",652,6.52,1000.4199
"D03",653,6.53,1000.6398
"D03",654,6.54,999.0797
"D03",655,6.55,995.8105
"D03",656,6.56,985.2576
"D03",657,6.57,1003.2645
"D03",658,6.58,1001.7844
"D03",659,6.59,998.8311
"D03",660,6.6,1007.5537
"D03",661,6.61,1000.5659
"D03",662,6.62,1002.1861
"D03",663,6.63,992.1537
"D03",664,6.64,987.1299
"D03",665,6.65,1010.8066
"D03",666,6.66,1001.8123
"D03",667,6.67,1004.4677
"D03",668,6.68,996.5537
"D03",669,6.69,1017.0431
"D03",670,6.7,1012.1035
"D03",671,6.71,997.2532
"D03",672,6.72,993.6989
"D03",673,6.73,993.9012
"D03",674,6.74,1008.6036
"D03",675,6.75,1002.2783
"D03",676,6.76,998.2165
"D03",677,6.77,1000.0294
"D03",678,6.78,1010.1523
"D03",679,6.79,1002.3563
"D03",680,6.8,1000.9772
"D03",681,6.81,990.8313
"D03",682,6.82,999.8574
"D03",683,6.83,1001.9031
"D03",684,6.84,999.1603
"D03",685,6.85,997.9553
"D03",686,6.86,1000.2912
"D03",687,6.87,1000.0162
"D03",688,6.88,1003.6738
"D03",689,6.89,1002.9277
"D03",690,6.9,1003.6412
"D03",691,6.91,993.3296
"D03",692,6.92,1007.1813
"D03",693,6.93,999.8267
"D03",694,6.94,998.9772
"D03",695,6.95,1014.8647
"D03",696,6.96,998.3576
"D03",697,6.97,999.8659
"D03",698,6.98,993.9381
"D03",699,6.99,997.629
"D03",700,7,1000.5662
"D03",701,7.01,1004.7016
"D03",702,7.02,1010.8958
"D03",703,7.03,996.3158
"D03",704,7.04,1000.3583
"D03",705,7.05,991.8094
"D03",706,7.06,1003.5797
"D03",707,7.07,996.504
"D03",708,7.08,994.9086
"D03",709,7.09,993.117
"D03",710,7.1,997.1335
"D03",711,7.11,1000.1396
"D03",712,7.12,998.796
"D03",713,7.13,1005.5801
"D03",714,7.14,1005.0105
"D03",715,7.15,988.4834
"D03",716,7.16,988.8906
"D03",717,7.17,1002.6824
"D03",718,7.18,999.2015
"D03",719,7.19,1003.6117
"D03",720,7.2,998.5481
"D03",721,7.21,991.3184
"D03",722,7.22,990.5198
"D03",723,7.23,1010.1876
"D03",724,7.24,994.7129
"D03",725,7.25,1000.631
"D03",726,7.26,990.5599
"D03",727,7.27,995.1631
"D03",728,7.28,1005.4232
"D03",729,7.29,1007.3483
"D03",730,7.3,992.9217
"D03",731,7.31,1002.798
"D03",732,7.32,1004.5787
"D03",733,7.33,1001.936
"D03",734,7.34,1005.2717
"D03",735,7.35,1008.0166
"D03",736,7.36,996.8115
"D03",737,7.37,999.1102
"D03",738,7.38,1005.3017
"D03",739,7.39,990.7358
"D03",740,7.4,997.326
"D03",741,7.41,999.4083
"D03",742,7.42,994.9088
"D03",743,7.43,1007.7974
"D03",744,7.44,991.6878
"D03",745,7.45,1007.3863
"D03",746,7.46,986.7786
"D03",747,7.47,1007.5334
"D03",748,7.48,1007.4946
"D03",749,7.49,996.8911
"D03",750,7.5,1005.3548
"D03",751,7.51,998.7554
"D03",752,7.52,993.9187
"D03",753,7.53,1003.8047
"D03",754,7.54,1001.4042
"D03",755,7.55,995.2782
"D03",756,7.56,997.8629
"D03",757,7.57,995.3175
"D03",758,7.58,1003.5052
"D03",759,7.59,999.1282
"D03",760,7.6,997.4946
"D03",761,7.61,1002.6564
"D03",762,7.62,1001.0308
"D03",763,7.63,1016.2348
"D03",764,7.64,995.4189
"D03",765,7.65,1006.0136
"D03",766,7.66,994.394
"D03",767,7.67,1010.6564
"D03",768,7.68,991.8826
"D03",769,7.69,1003.4141
"D03",770,7.7,989.1317
"D03",771,7.71,1002.8655
"D03",772,7.72,986.4102
"D03",773,7.73,989.573
"D03",774,7.74,1008.455
"D03",775,7.75,991.3576
"D03",776,7.76,1003.5882
"D03",777,7.77,1014.2511
"D03",778,7.78,998.7245
"D03",779,7.79,992.6991
"D03",780,7.8,988.1595
"D03",781,7.81,999.9129
"D03",782,7.82,993.8148
"D03",783,7.83,1002.5966
"D03",784,7.84,1011.7307
"D03",785,7.85,996.9441
"D03",786,7.86,1006.5197
"D03",787,7.87,995.5333
"D03",788,7.88,995.1067
"D03",789,7.89,998.2361
"D03",790,7.9,991.8544
"D03",791,7.91,991.206
"D03",792,7.92,992.6222
"D03",793,7.93,987.567
"D03",794,7.94,1002.4352
"D03",795,7.95,1000.6046
"D03",796,7.96,1003.2369
"D03",797,7.97,1006.1039
"D03",798,7.98,986.6266
"D03",799,7.99,1011.8518
"D03",800,8,1006.1363
"D03",801,8.01,1002.2142
"D03",802,8.02,1005.7775
"D03",803,8.03,999.5637
"D03",804,8.04,1002.0235
"D03",805,8.05,1004.0804
"D03",806,8.06,1006.5933
"D03",807,8.07,995.408
"D03",808,8.08,1005.3354
"D03",809,8.09,993.3165
"D03",810,8.1,990.4799
"D03",811,8.11,1000.0531
"D03",812,8.12,1000.3668
"D03",813,8.13,1008.1551
"D03",814,8.14,1011.4952
"D03",815,8.15,996.6334
"D03",816,8.16,995.5883
"D03",817,8.17,992.1551
"D03",818,8.18,998.4413
"D03",819,8.19,1008.7394
"D03",820,8.2,998.4621
"D03",821,8.21,1000.8789
"D03",822,8.22,1000.4885
"D03",823,8.23,990.896
"D03",824,8.24,1004.7554
"D03",825,8.25,1004.0589
"D03",826,8.26,1009.4093
"D03",827,8.27,996.4182
"D03",828,8.28,997.8995
"D03",829,8.29,996.9403
"D03",830,8.3,997.3679
"D03",831,8.31,994.8156
"D03",832,8.32,1001.6873
"D03",833,8.33,999.1552
"D03",834,8.34,996.8619
"D03",835,8.35,1012.351
"D03",836,8.36,999.1476
"D03",837,8.37,994.8756
"D03",838,8.38,1007.6438
"D03",839,8.39,996.6124
"D03",840,8.4,997.1411
"D03",841,8.41,999.6297
"D03",842,8.42,1005.0234
"D03",843,8.43,999.2724
"D03",844,8.44,1006.2689
"D03",845,8.45,1000.1748
"D03",846,8.46,995.2918
"D03",847,8.47,998.923
"D03",848,8.48,1011.3793
"D03",849,8.49,1000.7773
"D03",850,8.5,1007.9672
"D03",851,8.51,996.2307
"D03",852,8.52,1005.1255
"D03",853,8.53,995.9466
"D03",854,8.54,1001.0465
"D03",855,8.55,1004.167
"D03",856,8.56,996.6929
"D03",857,8.57,1001.7074
"D03",858,8.58,998.6735
"D03",859,8.59,1009.5342
"D03",860,8.6,1002.0423
"D03",861,8.61,991.5216
"D03",862,8.62,1003.1787
"D03",863,8.63,990.9759
"D03",864,8.64,998.7779
"D03",865,8.65,998.7416
"D03",866,8.66,993.6717
"D03",867,8.67,997.2807
"D03",868,8.68,1000.8632
"D03",869,8.69,1004.2852
"D03",870,8.7,1012.631
"D03",871,8.71,1004.3734
"D03",872,8.72,1004.7415
"D03",873,8.73,998.9129
"D03",874,8.74,996.4203
"D03",875,8.75,999.9253
"D03",876,8.76,998.0599
"D03",877,8.77,1003.1519
"D03",878,8.78,998.4225
"D03",879,8.79,997.2795
"D03",880,8.8,1004.0589
"D03",881,8.81,998.3558
"D03",882,8.82,1012.1733
"D03",883,8.83,993.5714
"D03",884,8.84,999.5714
"D03",885,8.85,1000.6995
"D03",886,8.86,1006.6509
"D03",887,8.87,996.688
"D03",888,8.88,1001.0627
"D03",889,8.89,994.7394
"D03",890,8.9,1009.9071
"D03",891,8.91,1005.9394
"D03",892,8.92,1003.2425
"D03",893,8.93,1002.0026
"D03",894,8.94,995.5731
"D03",895,8.95,999.222
"D03",896,8.96,997.1336
"D03",897,8.97,1006.291
"D03",898,8.98,1002.8775
"D03",899,8.99,1010.1903
"D03",900,9,1004.6319
"D03",901,9.01,992.0436
"D03",902,9.02,1010.9861
"D03",903,9.03,995.4906
"D03",904,9.04,1010.2265
"D03",905,9.05,1004.3477
"D03",906,9.06,1003.0554
"D03",907,9.07,1004.9411
"D03",908,9.08,993.1351
"D03",909,9.09,1004.0806
"D03",910,9.1,981.8371
"D03",911,9.11,992.6302
"D03",912,9.12,997.1011
"D03",913,9.13,1002.7563
"D03",914,9.14,997.2543
"D03",915,9.15,995.4228
"D03",916,9.16,998.2936
"D03",917,9.17,995.4664
"D03",918,9.18,1007.6144
"D03",919,9.19,1002.4771
"D03",920,9.2,992.8044
"D03",921,9.21,990.5406
"D03",922,9.22,1003.5055
"D03",923,9.23,1004.174
"D03",924,9.24,998.8017
"D03",925,9.25,1009.9582
"D03",926,9.26,988.9298
"D03",927,9.27,1002.4667
"D03",928,9.28,998.1123
"D03",929,9.29,993.0975
"D03",930,9.3,997.8201
"D03",931,9.31,1007.1075
"D03",932,9.32,997.8317
"D03",933,9.33,1005.3019
"D03",934,9.34,997.1359
"D03",935,9.35,999.9118
"D03",936,9.36,997.0816
"D03",937,9.37,1002.2767
"D03",938,9.38,1003.4921
"D03",939,9.39,1001.426
"D03",940,9.4,1001.0612
"D03",941,9.41,1003.1017
"D03",942,9.42,997.8374
"D03",943,9.43,998.294
"D03",944,9.44,997.1842
"D03",945,9.45,1004.6223
"D03",946,9.46,995.5112
"D03",947,9.47,988.2983
"D03",948,9.48,989.5928
"D03",949,9.49,996.8298
"D03",950,9.5,1001.2859
"D03",951,9.51,987.7458
"D03",952,9.52,1001.5971
"D03",953,9.53,994.2837
"D03",954,9.54,985.8725
"D03",955,9.55,992.6521
"D03",956,9.56,994.2777
"D03",957,9.57,1003.6563
"D03",958,9.58,994.9332
"D03",959,9.59,991.4164
"D03",960,9.6,1004.8894
"D03",961,9.61,992.1972
"D03",962,9.62,999.8636
"D03",963,9.63,994.2991
"D03",964,9.64,998.244
"D03",965,9.65,1000.0457
"D03",966,9.66,996.3323
"D03",967,9.67,1002.5635
"D03",968,9.68,1003.6335
"D03",969,9.69,993.0043
"D03",970,9.7,993.8152
"D03",971,9.71,995.8126
"D03",972,9.72,991.5821
"D03",973,9.73,1011.367
"D03",974,9.74,1003.6669
"D03",975,9.75,1007.2134
"D03",976,9.76,1002.9943
"D03",977,9.77,990.7787
"D03",978,9.78,992.6057
"D03",979,9.79,1003.4364
"D03",980,9.8,997.5103
"D03",981,9.81,1001.2438
"D03",982,9.82,1000.1352
"D03",983,9.83,1004.1176
"D03",984,9.84,993.0012
"D03",985,9.85,992.5619
"D03",986,9.86,985.2689
"D03",987,9.87,990.8204
"D03",988,9.88,996.4366
"D03",989,9.89,992.3096
"D03",990,9.9,1002.7602
"D03",991,9.91,1000.3959
"D03",992,9.92,998.453
"D03",993,9.93,987.1911
"D03",994,9.94,1017.3076
"D03",995,9.95,997.825
"D03",996,9.96,1004.4663
"D03",997,9.97,1001.6157
"D03",998,9.98,1010.8441
"D03",999,9.99,1003.5856
"D03",1000,10,999.6841
